date,price
2021-02-11,0.884518
2021-02-12,0.882562
2021-02-15,0.869154
2021-02-16,0.861682
2021-02-17,0.857732
2021-02-18,0.851363
2021-02-19,0.843735
2021-02-22,0.84131
2021-02-23,0.853599
2021-02-24,0.865255
2021-02-25,0.876547
2021-02-26,0.873459
2021-03-01,0.88347
2021-03-02,0.862949
2021-03-03,0.857761
2021-03-04,0.861124
2021-03-05,0.865545
2021-03-08,0.864363
2021-03-09,0.87417
2021-03-10,0.880434
2021-03-11,0.879417
2021-03-12,0.875807
2021-03-15,0.877111
2021-03-16,0.88095
2021-03-17,0.878893
2021-03-18,0.881531
2021-03-19,0.86912
2021-03-22,0.853453
2021-03-23,0.92678
2021-03-24,0.916261
2021-03-25,0.930959
2021-03-26,0.930781
2021-03-29,0.936986
2021-03-30,0.947263
2021-03-31,0.950366
2021-04-01,0.950082
2021-04-02,0.948514
2021-04-05,0.939693
2021-04-06,0.94695
2021-04-07,0.956265
2021-04-08,0.960785
2021-04-09,0.963326
2021-04-12,0.959033
2021-04-13,0.959204
2021-04-14,0.956185
2021-04-15,0.951167
2021-04-16,0.953785
2021-04-19,0.963022
2021-04-20,0.968541
2021-04-21,0.967775
2021-04-22,0.981239
2021-04-26,0.995776
2021-04-27,0.993576
2021-04-28,0.985833
2021-04-29,0.975605
2021-04-30,0.973768
2021-05-03,0.980348
2021-05-04,0.989473
2021-05-05,0.995264
2021-05-06,0.995594
2021-05-07,0.99734
2021-05-10,1.007963
2021-05-11,1.016756
2021-05-12,1.020911
2021-05-17,1.021527
2021-05-18,1.03771
2021-05-20,1.04065
2021-05-21,1.049804
2021-05-24,1.052015
2021-05-25,1.058364
2021-05-26,1.062575
2021-05-27,1.076419
2021-05-28,1.075608
2021-05-31,1.086552
2021-06-01,1.080502
2021-06-02,1.090237
2021-06-03,1.097857
2021-06-04,1.096736
2021-06-07,1.092318
2021-06-08,1.092228
2021-06-09,1.095228
2021-06-10,1.087988
2021-06-11,1.079431
2021-06-14,1.059868
2021-06-15,1.047787
2021-06-16,1.069341
2021-06-17,1.060326
2021-06-18,1.051256
2021-06-21,1.038983
2021-06-22,1.046123
2021-06-23,1.038556
2021-06-24,1.029308
2021-06-25,1.038872
2021-06-28,1.038325
2021-06-29,1.042128
2021-06-30,1.033206
2021-07-01,1.022338
2021-07-02,1.030115
2021-07-05,1.038851
2021-07-06,1.037847
2021-07-07,1.046321
2021-07-08,1.051971
2021-07-09,1.054732
2021-07-12,1.051727
2021-07-13,1.045819
2021-07-14,1.041734
2021-07-16,1.049541
2021-07-19,1.038882
2021-07-26,1.038463
2021-07-27,1.043469
2021-07-28,1.034405
2021-07-29,1.033941
2021-07-30,1.036228
2021-08-02,1.03365
2021-08-03,1.019275
2021-08-04,1.010726
2021-08-05,1.026313
2021-08-06,1.040704
2021-08-09,1.034072
2021-08-10,1.0167
2021-08-11,1.004593
2021-08-12,1.002758
2021-08-13,1.008551
2021-08-16,1.008134
2021-08-17,1.01067
2021-08-18,1.009958
2021-08-19,1.017991
2021-08-20,1.021027
2021-08-23,1.017842
2021-08-24,1.014422
2021-08-25,1.016391
2021-08-26,1.010422
2021-08-27,1.006003
2021-08-31,1.008555
2021-09-01,1.010392
2021-09-02,1.009784
2021-09-03,1.006765
2021-09-06,1.012524
2021-09-07,1.009917
2021-09-08,1.011005
2021-09-09,1.014336
2021-09-10,1.016884
2021-09-13,1.013918
2021-09-14,1.01413
2021-09-15,1.008464
2021-09-16,1.013602
2021-09-17,1.009485
2021-09-20,1.0112
2021-09-21,1.01991
2021-09-22,1.021469
2021-09-23,1.028917
2021-09-24,1.027416
2021-09-27,1.040907
2021-09-28,1.037309
2021-09-29,1.032761
2021-09-30,1.02926
2021-10-01,1.033428
2021-10-04,1.035887
2021-10-05,1.041295
2021-10-06,1.042378
2021-10-07,1.047296
2021-10-08,1.046096
2021-10-11,1.051551
2021-10-12,1.055945
2021-10-13,1.06165
2021-10-14,1.069513
2021-10-15,1.10024
2021-10-18,1.101272
2021-10-19,1.097388
2021-10-20,1.103503
2021-10-21,1.107794
2021-10-22,1.119854
2021-10-25,1.156153
2021-10-26,1.179179
2021-10-27,1.147294
2021-10-28,1.144352
2021-11-01,1.145398
2021-11-02,1.14957
2021-11-03,1.151306
2021-11-04,1.161833
2021-11-05,1.163072
2021-11-08,1.174003
2021-11-09,1.186023
2021-11-10,1.190504
2021-11-11,1.204838
2021-11-12,1.215466
2021-11-15,1.233257
2021-11-16,1.244532
2021-11-17,1.272085
2021-11-18,1.294992
2021-11-19,1.338537
2021-11-22,1.37412
2021-11-23,1.382347
2021-11-24,1.484583
2021-11-25,1.511408
2021-11-26,1.44084
2021-11-29,1.462097
2021-11-30,1.520639
2021-12-01,1.552872
2021-12-02,1.593793
2021-12-03,1.595382
2021-12-06,1.619475
2021-12-07,1.635096
2021-12-08,1.62452
2021-12-09,1.626058
2021-12-10,1.638512
2021-12-13,1.638331
2021-12-14,1.6959
2021-12-15,1.692749
2021-12-16,1.731509
2021-12-17,1.814197
2021-12-20,1.960296
2021-12-21,2.091341
2021-12-22,1.544089
2021-12-23,1.477027
2021-12-24,1.363627
2021-12-27,1.402021
2021-12-28,1.360763
2021-12-29,1.420459
2021-12-30,1.465147
2021-12-31,1.548002
2022-01-03,1.598259
2022-01-04,1.611752
2022-01-05,1.577491
2022-01-06,1.605078
2022-01-07,1.618154
2022-01-10,1.624736
2022-01-11,1.627038
2022-01-12,1.640516
2022-01-13,1.644931
2022-01-14,1.628688
2022-01-17,1.62356
2022-01-18,1.619208
2022-01-19,1.6145
2022-01-20,1.620253
2022-01-21,1.615267
2022-01-24,1.615378
2022-01-25,1.621124
2022-01-26,1.634816
2022-01-27,1.636963
2022-01-28,1.622021
2022-01-31,1.609385
2022-02-01,1.579138
2022-02-02,1.578726
2022-02-03,1.594054
2022-02-04,1.609851
2022-02-07,1.606613
2022-02-08,1.610395
2022-02-09,1.625202
2022-02-10,1.632944
2022-02-11,1.634123
2022-02-14,1.616108
2022-02-15,1.640557
2022-02-16,1.659998
2022-02-17,1.654905
2022-02-18,1.683155
2022-02-21,1.690931
2022-02-22,1.688141
2022-02-23,1.708933
2022-02-24,1.718747
2022-02-25,1.817749
2022-02-28,1.772798
2022-03-01,1.720661
2022-03-02,1.746883
2022-03-03,1.771779
2022-03-04,1.773954
2022-03-07,1.809256
2022-03-08,1.863205
2022-03-09,1.910698
2022-03-10,1.931354
2022-03-11,1.909967
2022-03-14,1.94845
2022-03-15,1.90599
2022-03-16,1.86942
2022-03-17,1.848494
2022-03-18,1.861314
2022-03-21,1.87107
2022-03-22,1.877652
2022-03-23,1.878343
2022-03-24,1.878247
2022-03-25,1.894063
2022-03-28,1.903156
2022-03-29,1.885163
2022-03-30,1.856302
2022-03-31,1.844813
2022-04-01,1.854587
2022-04-04,1.848352
2022-04-05,1.856676
2022-04-06,1.857721
2022-04-07,1.857897
2022-04-08,1.868924
2022-04-11,1.86216
2022-04-12,1.88622
2022-04-13,1.877111
2022-04-14,1.87959
2022-04-15,1.883446
2022-04-18,1.888262
2022-04-19,1.903225
2022-04-20,1.889119
2022-04-21,1.864025
2022-04-22,1.868248
2022-04-25,1.866419
2022-04-26,1.847826
2022-04-27,1.835893
2022-04-28,1.833251
2022-04-29,1.812969
2022-05-05,1.838746
2022-05-06,1.835532
2022-05-09,1.829094
2022-05-10,1.823701
2022-05-11,1.845768
2022-05-12,1.849851
2022-05-13,1.851328
2022-05-16,1.835653
2022-05-17,1.82753
2022-05-18,1.87531
2022-05-20,1.884002
2022-05-23,1.911043
2022-05-24,1.913871
2022-05-25,1.937971
2022-05-26,1.962726
2022-05-27,1.96356
2022-05-30,1.983814
2022-05-31,1.97429
2022-06-01,1.977507
2022-06-02,1.956531
2022-06-03,1.985084
2022-06-06,2.001013
2022-06-07,1.994065
2022-06-08,2.017653
2022-06-09,2.058983
2022-06-10,2.071341
2022-06-13,2.05396
2022-06-14,2.073827
2022-06-15,2.052245
2022-06-16,2.0426
2022-06-17,2.060649
2022-06-20,2.072723
2022-06-21,2.069151
2022-06-22,2.067347
2022-06-23,2.063444
2022-06-24,2.067885
2022-06-27,2.06263
2022-06-28,1.990057
2022-06-29,1.977981
2022-06-30,1.976513
2022-07-01,1.974035
2022-07-04,1.960216
2022-07-05,1.983934
2022-07-06,1.995071
2022-07-07,1.977444
2022-07-08,1.982355
2022-07-13,1.981967
2022-07-14,1.975612
2022-07-18,1.974854
2022-07-19,1.954211
2022-07-20,1.977702
2022-07-21,1.976436
2022-07-22,1.965019
2022-07-25,2.006955
2022-07-26,2.018668
2022-07-27,2.018862
2022-07-28,2.026047
2022-07-29,2.053521
2022-08-01,2.074731
2022-08-02,2.080556
2022-08-03,2.096727
2022-08-04,2.093148
2022-08-05,2.1009
2022-08-08,2.103615
2022-08-09,2.099389
2022-08-10,2.114643
2022-08-11,2.113911
2022-08-12,2.112418
2022-08-15,2.113251
2022-08-16,2.110487
2022-08-17,2.104963
2022-08-18,2.101037
2022-08-19,2.099564
2022-08-22,2.100084
2022-08-23,2.070767
2022-08-24,2.083156
2022-08-25,2.094748
2022-08-26,2.112701
2022-08-29,2.09819
2022-08-31,2.071962
2022-09-01,2.059022
2022-09-02,2.046655
2022-09-05,2.056879
2022-09-06,2.0562
2022-09-07,2.058692
2022-09-08,2.058542
2022-09-09,2.071198
2022-09-12,2.070004
2022-09-13,2.074416
2022-09-14,2.074583
2022-09-15,2.055388
2022-09-16,2.03119
2022-09-19,2.009029
2022-09-20,2.013662
2022-09-21,2.018918
2022-09-22,2.023474
2022-09-23,2.025
2022-09-26,2.008846
2022-09-27,2.005082
2022-09-28,2.003499
2022-09-29,1.996109
2022-09-30,2.017499
2022-10-03,2.046916
2022-10-04,2.043809
2022-10-05,2.092136
2022-10-06,2.100728
2022-10-07,2.107473
2022-10-10,2.097302
2022-10-11,2.063034
2022-10-12,2.050341
2022-10-13,2.04356
2022-10-14,2.046441
2022-10-17,2.029124
2022-10-18,2.027774
2022-10-19,2.022179
2022-10-20,2.014955
2022-10-21,1.998868
2022-10-24,1.992285
2022-10-25,2.017584
2022-10-26,2.012416
2022-10-27,2.04322
2022-10-28,2.03754
2022-10-31,2.035587
2022-11-01,2.010821
2022-11-02,2.024866
2022-11-03,2.023456
2022-11-04,1.997659
2022-11-07,2.021289
2022-11-08,2.058691
2022-11-09,2.057686
2022-11-10,2.102577
2022-11-11,2.104547
2022-11-14,2.15113
2022-11-15,2.172906
2022-11-16,2.184263
2022-11-17,2.185148
2022-11-18,2.165325
2022-11-21,2.157982
2022-11-22,2.137059
2022-11-23,2.141494
2022-11-24,2.144719
2022-11-25,2.156402
2022-11-28,2.161091
2022-11-29,2.159459
2022-11-30,2.158371
2022-12-01,2.162643
2022-12-02,2.193451
2022-12-05,2.216133
2022-12-06,2.210012
2022-12-07,2.189894
2022-12-08,2.191345
2022-12-09,2.19989
2022-12-12,2.208726
2022-12-13,2.212695
2022-12-14,2.23123
2022-12-15,2.2259
2022-12-16,2.201179
2022-12-19,2.195361
2022-12-20,2.210177
2022-12-21,2.230055
2022-12-22,2.240192
2022-12-23,2.24195
2022-12-26,2.222595
2022-12-27,2.22716
2022-12-28,2.246556
2022-12-29,2.238468
2022-12-30,2.247071
2023-01-02,2.262058
2023-01-03,2.268432
2023-01-04,2.302703
2023-01-05,2.31412
2023-01-06,2.289275
2023-01-09,2.282089
2023-01-10,2.312291
2023-01-11,2.3169
2023-01-12,2.313499
2023-01-13,2.31601
2023-01-16,2.33795
2023-01-17,2.356593
2023-01-18,2.353748
2023-01-19,2.366159
2023-01-20,2.363892
2023-01-23,2.382594
2023-01-24,2.375822
2023-01-25,2.379743
2023-01-26,2.38368
2023-01-27,2.38418
2023-01-30,2.375783
2023-01-31,2.375032
2023-02-01,2.355751
2023-02-02,2.360658
2023-02-03,2.394908
2023-02-06,2.350812
2023-02-07,2.310363
2023-02-08,2.309601
2023-02-09,2.318262
2023-02-10,2.318387
2023-02-13,2.305901
2023-02-14,2.295494
2023-02-15,2.292436
2023-02-16,2.275755
2023-02-17,2.274012
2023-02-20,2.253335
2023-02-21,2.265429
2023-02-22,2.275851
2023-02-23,2.273076
2023-02-24,2.265245
2023-02-27,2.252724
2023-02-28,2.239279
2023-03-01,2.240724
2023-03-02,2.265695
2023-03-03,2.272449
2023-03-06,2.280987
2023-03-07,2.289377
2023-03-08,2.28385
2023-03-09,2.245666
2023-03-10,2.249772
2023-03-13,2.280418
2023-03-14,2.325153
2023-03-15,2.348935
2023-03-16,2.353021
2023-03-17,2.358674
2023-03-20,2.379446
2023-03-21,2.446745
2023-03-22,2.420255
2023-03-23,2.394472
2023-03-24,2.431202
2023-03-27,2.457167
2023-03-28,2.427562
2023-03-29,2.417174
2023-03-30,2.437086
2023-03-31,2.452194
2023-04-03,2.459978
2023-04-04,2.449308
2023-04-05,2.483758
2023-04-06,2.531578
2023-04-07,2.520717
2023-04-10,2.519283
2023-04-11,2.513385
2023-04-12,2.509455
2023-04-13,2.524388
2023-04-14,2.548231
2023-04-17,2.575476
2023-04-18,2.544313
2023-04-19,2.54812
2023-04-20,2.550564
2023-04-24,2.554741
2023-04-25,2.581162
2023-04-26,2.600125
2023-04-27,2.611359
2023-04-28,2.63811
2023-05-02,2.637173
2023-05-03,2.587422
2023-05-04,2.649693
2023-05-05,2.719136
2023-05-08,2.712484
2023-05-09,2.743961
2023-05-10,2.750028
2023-05-11,2.745032
2023-05-12,2.72127
2023-05-15,2.683911
2023-05-16,2.690108
2023-05-17,2.638747
2023-05-18,2.63182
2023-05-22,2.609477
2023-05-23,2.625321
2023-05-24,2.590515
2023-05-25,2.616832
2023-05-26,2.600765
2023-05-29,2.620479
2023-05-30,2.587685
2023-05-31,2.648888
2023-06-01,2.686959
2023-06-02,2.675175
2023-06-05,2.695218
2023-06-06,2.699651
2023-06-07,2.750393
2023-06-08,2.925366
2023-06-09,2.948383
2023-06-12,2.983086
2023-06-13,2.995443
2023-06-14,3.012816
2023-06-15,2.965932
2023-06-16,2.960596
2023-06-19,3.004435
2023-06-20,2.98052
2023-06-21,2.977613
2023-06-22,2.941659
2023-06-23,2.949848
2023-06-26,3.12788
2023-06-27,3.215349
2023-07-03,3.223767
2023-07-04,3.239198
2023-07-05,3.263317
2023-07-06,3.262959
2023-07-07,3.235857
2023-07-10,3.209562
2023-07-11,3.209824
2023-07-12,3.222882
2023-07-13,3.220505
2023-07-14,3.256277
2023-07-17,3.257984
2023-07-18,3.274233
2023-07-19,3.358748
2023-07-20,3.41338
2023-07-21,3.415771
2023-07-24,3.408192
2023-07-25,3.404213
2023-07-26,3.383725
2023-07-27,3.408131
2023-07-28,3.434266
2023-07-31,3.441379
2023-08-01,3.469447
2023-08-02,3.490382
2023-08-03,3.49444
2023-08-04,3.472764
2023-08-07,3.474284
2023-08-08,3.474548
2023-08-09,3.50244
2023-08-10,3.471394
2023-08-11,3.461404
2023-08-14,3.451173
2023-08-15,3.468416
2023-08-16,3.475049
2023-08-17,3.482033
2023-08-18,3.514525
2023-08-21,3.525574
2023-08-22,3.594915
2023-08-23,3.60629
2023-08-24,3.65008
2023-08-25,3.635037
2023-08-28,3.594366
2023-08-29,3.583672
2023-08-31,3.581814
2023-09-01,3.597884
2023-09-04,3.598841
2023-09-05,3.583913
2023-09-06,3.554218
2023-09-07,3.531746
2023-09-08,3.547008
2023-09-11,3.553441
2023-09-12,3.549015
2023-09-13,3.53321
2023-09-14,3.544347
2023-09-15,3.524063
2023-09-18,3.554404
2023-09-19,3.561907
2023-09-20,3.568657
2023-09-21,3.577941
2023-09-22,3.568778
2023-09-25,3.58099
2023-09-26,3.576642
2023-09-27,3.575914
2023-09-28,3.539032
2023-09-29,3.528068
2023-10-02,3.523964
2023-10-03,3.496627
2023-10-04,3.484686
2023-10-05,3.53184
2023-10-06,3.504605
2023-10-09,3.512546
2023-10-10,3.590999
2023-10-11,3.664502
2023-10-12,3.662061
2023-10-13,3.695351
2023-10-16,3.7275
2023-10-17,3.742342
2023-10-18,3.754319
2023-10-19,3.895241
2023-10-20,3.803133
2023-10-23,3.81768
2023-10-24,3.813898
2023-10-25,3.820123
2023-10-26,3.885043
2023-10-27,3.8337
2023-10-30,3.844845
2023-10-31,3.85991
2023-11-01,3.891188
2023-11-02,3.84523
2023-11-03,3.857054
2023-11-06,3.866561
2023-11-07,3.864586
2023-11-08,3.82539
2023-11-09,3.838439
2023-11-10,3.811447
2023-11-13,3.827315
2023-11-14,3.804808
2023-11-15,3.826917
2023-11-16,3.87492
2023-11-17,3.87581
2023-11-20,3.907533
2023-11-21,3.893652
2023-11-22,3.93885
2023-11-23,3.960889
2023-11-24,3.920778
2023-11-27,3.960574
2023-11-28,3.986121
2023-11-29,3.994426
2023-11-30,4.109955
2023-12-01,4.01561
2023-12-04,4.075807
2023-12-05,4.090583
2023-12-06,4.017029
2023-12-07,4.014774
2023-12-08,4.021174
2023-12-11,4.025979
2023-12-12,3.982053
2023-12-13,3.975986
2023-12-14,3.944205
2023-12-15,4.019765
2023-12-18,4.043695
2023-12-19,4.112661
2023-12-20,4.08186
2023-12-21,4.118546
2023-12-22,4.139466
2023-12-25,4.140427
2023-12-26,4.105263
2023-12-27,4.234839
2023-12-28,4.137229
2023-12-29,4.156413
2024-01-02,4.174408
2024-01-03,4.200482
2024-01-04,4.189307
2024-01-05,4.182691
2024-01-08,4.154428
2024-01-09,4.16632
2024-01-10,4.14875
2024-01-11,4.159819
2024-01-12,4.213189
2024-01-15,4.200138
2024-01-16,4.199454
2024-01-17,4.295818
2024-01-18,4.209466
2024-01-19,4.245814
2024-01-22,4.291257
2024-01-23,4.225812
2024-01-24,4.32562
2024-01-25,4.273321
2024-01-26,4.158562
2024-01-29,4.250041
2024-01-30,4.307878
2024-01-31,4.322897
2024-02-01,4.263437
2024-02-02,4.300878
2024-02-05,4.25552
2024-02-06,4.234564
2024-02-07,4.229917
2024-02-08,4.210165
2024-02-09,4.24699
2024-02-12,4.269349
2024-02-13,4.233717
2024-02-14,4.271002
2024-02-15,4.18737
2024-02-16,4.170115
2024-02-19,4.213875
2024-02-20,4.191914
2024-02-21,4.323274
2024-02-22,4.252328
2024-02-23,4.380541
2024-02-26,4.434924
2024-02-27,4.464087
2024-02-28,4.517015
2024-02-29,4.364437
2024-03-01,4.483992
2024-03-04,4.441069
2024-03-05,4.483423
2024-03-06,4.655912
2024-03-07,4.669127
2024-03-08,4.768648
2024-03-11,4.812223
2024-03-12,4.98848
2024-03-13,4.8948
2024-03-14,4.845535
2024-03-15,4.856479
2024-03-18,4.847601
2024-03-19,4.941347
2024-03-20,4.969656
2024-03-21,4.867946
2024-03-22,5.090576
2024-03-25,5.019585
2024-03-26,5.108407
2024-03-27,5.01426
2024-03-28,4.96348
2024-03-29,5.086608
2024-04-01,5.120013
2024-04-02,5.163776
2024-04-03,5.04978
2024-04-04,5.030401
2024-04-05,5.066423
2024-04-08,5.07926
2024-04-09,5.282519
2024-04-15,5.282995
2024-04-16,5.229355
2024-04-17,5.287379
2024-04-18,5.458591
2024-04-19,5.407791
2024-04-22,5.480173
2024-04-24,5.369687
2024-04-25,5.308298
2024-04-26,5.258203
2024-04-29,5.313712
2024-04-30,5.321155
2024-05-02,5.297502
2024-05-03,5.25651
2024-05-06,5.263027
2024-05-07,5.282873
2024-05-08,5.218114
2024-05-09,5.196205
2024-05-10,5.141788
2024-05-13,5.249124
2024-05-14,5.230348
2024-05-15,5.233824
2024-05-16,5.300483
2024-05-17,5.300117
2024-05-20,5.320268
2024-05-21,5.382935
2024-05-22,5.390965
2024-05-23,5.351713
2024-05-24,5.249672
2024-05-27,5.23546
2024-05-28,5.19337
2024-05-29,5.204124
2024-05-30,5.230932
2024-05-31,5.219046
2024-06-03,5.183867
2024-06-04,5.163687
2024-06-05,5.196296
2024-06-06,5.23211
2024-06-07,5.224723
2024-06-10,5.211092
2024-06-11,5.153804
2024-06-12,5.144671
2024-06-13,5.146471
2024-06-14,5.144083
2024-06-20,5.192972
2024-06-21,5.245848
2024-06-24,5.322737
2024-06-25,5.277077
2024-06-26,5.274416
2024-06-27,5.264402
2024-06-28,5.325476
2024-07-01,5.348304
2024-07-02,5.338495
2024-07-03,5.342883
2024-07-04,5.31383
2024-07-05,5.334562
2024-07-08,5.392214
2024-07-09,5.40866
2024-07-10,5.352236
2024-07-11,5.356072
2024-07-12,5.329313
2024-07-16,5.40412
2024-07-17,5.497767
2024-07-18,5.536338
2024-07-19,5.587148
2024-07-22,5.477351
2024-07-23,5.40316
2024-07-24,5.4153
2024-07-25,5.432632
2024-07-26,5.373106
2024-07-29,5.381355
2024-07-30,5.40495
2024-07-31,5.397212
2024-08-01,5.476701
2024-08-02,5.55598
2024-08-05,5.597668
2024-08-06,5.539044
2024-08-07,5.534772
2024-08-08,5.525945
2024-08-09,5.491526
2024-08-12,5.519144
2024-08-13,5.617035
2024-08-14,5.664845
2024-08-15,5.69402
2024-08-16,5.727966
2024-08-19,5.74837
2024-08-20,5.874749
2024-08-21,5.939773
2024-08-22,5.914686
2024-08-23,5.946229
2024-08-26,5.882657
2024-08-27,5.958627
2024-08-28,5.980165
2024-08-29,5.950777
2024-09-02,6.017667
2024-09-03,6.006412
2024-09-04,5.922882
2024-09-05,5.910388
2024-09-06,5.987645
2024-09-09,5.928795
2024-09-10,5.896188
2024-09-11,5.885797
2024-09-12,6.022429
2024-09-13,5.989355
2024-09-16,6.031596
2024-09-17,6.072093
2024-09-18,6.112495
2024-09-19,6.120148
2024-09-20,6.201619
2024-09-23,6.244334
2024-09-24,6.330212
2024-09-25,6.32174
2024-09-26,6.384147
2024-09-27,6.418548
2024-09-30,6.53651
2024-10-01,6.574327
2024-10-02,6.572981
2024-10-03,6.455111
2024-10-04,6.451908
2024-10-07,6.439435
2024-10-08,6.442587
2024-10-09,6.355963
2024-10-10,6.297418
2024-10-11,6.464067
2024-10-14,6.463031
2024-10-15,6.472664
2024-10-16,6.65488
2024-10-17,6.606336
2024-10-18,6.710677
2024-10-21,6.703327
2024-10-22,6.831931
2024-10-23,6.823834
2024-10-24,6.880796
2024-10-25,6.721109
2024-10-28,6.867088
2024-10-30,6.855907
2024-10-31,6.859197
2024-11-01,6.869099
2024-11-04,6.866317
2024-11-05,6.776043
2024-11-06,6.837544
2024-11-07,6.729177
2024-11-08,6.706842
2024-11-11,6.693513
2024-11-12,6.576943
2024-11-13,6.625375
2024-11-14,6.539993
2024-11-15,6.43118
2024-11-18,6.559219
2024-11-19,6.608694
2024-11-20,6.852986
2024-11-21,6.795726
2024-11-22,6.835384
2024-11-25,6.967669
2024-11-26,6.738774
2024-11-27,6.775142
2024-11-28,6.827704
2024-11-29,6.802717
2024-12-02,6.710985
2024-12-03,6.717091
2024-12-04,6.756453
2024-12-05,6.763787
2024-12-06,6.682511
2024-12-09,6.722251
2024-12-10,6.684108
2024-12-11,6.801889
2024-12-12,6.80992
2024-12-13,6.850023
2024-12-16,6.786523
2024-12-17,6.763707
2024-12-18,6.691319
2024-12-19,6.713636
2024-12-20,6.592136
2024-12-23,6.595868
2024-12-24,6.669187
2024-12-25,6.626826
2024-12-26,6.597595
2024-12-27,6.725417
2024-12-30,6.682741
2024-12-31,6.694263
2025-01-02,6.677352
2025-01-03,6.729961
2025-01-06,6.628736
2025-01-07,6.520609
2025-01-08,6.561954
2025-01-09,6.582699
2025-01-10,6.609082
2025-01-13,6.671192
2025-01-14,6.702714
2025-01-15,6.66067
2025-01-16,6.689057
2025-01-17,6.768618
2025-01-20,6.774447
2025-01-21,6.791613
2025-01-22,6.842315
2025-01-23,6.903591
2025-01-24,6.897068
2025-01-27,6.922441
2025-01-28,6.930363
2025-01-29,6.902841
2025-01-30,6.925898
2025-01-31,6.961514
2025-02-03,7.042266
2025-02-04,7.064103
2025-02-05,7.150922
2025-02-06,7.246318
2025-02-07,7.206517
2025-02-10,7.232272
2025-02-11,7.334657
2025-02-12,7.337439
2025-02-13,7.293379
2025-02-14,7.39441
2025-02-17,7.405214
2025-02-18,7.320431
2025-02-19,7.525371
2025-02-20,7.617005
2025-02-21,7.564102
2025-02-24,7.590942
2025-02-25,7.618072
2025-02-26,7.607011
2025-02-27,7.495206
2025-02-28,7.411764
2025-03-03,7.416293
2025-03-04,7.431461
2025-03-05,7.508612
2025-03-06,7.510627
2025-03-07,7.521159
2025-03-10,7.525058
2025-03-11,7.526761
2025-03-12,7.486216
2025-03-13,7.524839
2025-03-14,7.623045
2025-03-17,7.698049
2025-03-18,7.725302
2025-03-19,7.819648
2025-03-20,8.128897
2025-03-21,8.111345
2025-03-24,8.127731
2025-03-25,8.104964
2025-03-26,8.117364
2025-03-27,8.010999
2025-03-28,8.068987
2025-04-02,8.17612
2025-04-03,8.335957
2025-04-04,8.326724
2025-04-07,8.252307
2025-04-08,8.140901
2025-04-09,8.06983
2025-04-10,8.182642
2025-04-11,8.331627
2025-04-14,8.566069
2025-04-15,8.552114
2025-04-16,8.594778
2025-04-17,8.79048
2025-04-18,8.885599
2025-04-21,8.872484
2025-04-22,9.111443
2025-04-24,9.224986
2025-04-25,8.977934
2025-04-28,8.84427
2025-04-29,8.849235
2025-04-30,8.908685
2025-05-02,8.846303
2025-05-05,8.822322
2025-05-06,8.873644
2025-05-07,9.06408
2025-05-08,9.08577
2025-05-09,9.03155
2025-05-12,8.959342
2025-05-13,8.720397
2025-05-14,8.744837
2025-05-15,8.737446
2025-05-16,8.574806
2025-05-20,8.710323
2025-05-21,8.779378
2025-05-22,8.929087
2025-05-23,8.944031
2025-05-26,8.981239
2025-05-27,8.977185
2025-05-28,8.957274
2025-05-29,8.962088
2025-05-30,8.909538
2025-06-02,8.939881
2025-06-03,9.063762
2025-06-04,9.064623
2025-06-05,9.062606
2025-06-10,9.069876
2025-06-11,9.065832
2025-06-12,9.051465
2025-06-13,9.123773
2025-06-16,9.265261
2025-06-17,9.220933
2025-06-18,9.237881
2025-06-19,9.213245
2025-06-20,9.157159
2025-06-23,9.183302
2025-06-24,9.191349
2025-06-25,9.106336
2025-06-26,9.118301
2025-06-27,9.080124
2025-06-30,9.023576
2025-07-01,8.989237
2025-07-02,9.182706
2025-07-03,9.167458
2025-07-04,9.182876
2025-07-07,9.176434
2025-07-08,9.106992
2025-07-09,9.171322
2025-07-10,9.100139
2025-07-11,9.198338
2025-07-14,9.215251
2025-07-16,9.298897
2025-07-17,9.257084
2025-07-18,9.245385
2025-07-21,9.318996
2025-07-22,9.333238
2025-07-23,9.411784
2025-07-24,9.540569
2025-07-25,9.36969
2025-07-28,9.285719
2025-07-29,9.33353
2025-07-30,9.318125
2025-07-31,9.292387
2025-08-01,9.265989
2025-08-04,9.278673
2025-08-05,9.372651
2025-08-06,9.420907
2025-08-07,9.408546
2025-08-08,9.449127
2025-08-11,9.487082
2025-08-12,9.402677
2025-08-13,9.508537
2025-08-14,9.393354
2025-08-15,9.384562
2025-08-18,9.365449
2025-08-19,9.414408
2025-08-20,9.401165
2025-08-21,9.336554
2025-08-22,9.361069
2025-08-25,9.360537
2025-08-26,9.483147
2025-08-27,9.498168
2025-08-28,9.513921
2025-08-29,9.557599
2025-09-01,9.574712
2025-09-02,9.597166
2025-09-03,9.794253
2025-09-04,9.861105
2025-09-05,10.001016
2025-09-08,10.0371
2025-09-09,10.222454
2025-09-10,10.348389
2025-09-11,10.362426
2025-09-12,10.34727
2025-09-15,10.424286
2025-09-16,10.445566
2025-09-17,10.571589
2025-09-18,10.56799
2025-09-19,10.578647
2025-09-22,10.542967
2025-09-23,10.724222
2025-09-24,10.902862
2025-09-25,10.930585
2025-09-26,10.888917
2025-09-29,10.919246
2025-09-30,10.946967
2025-10-01,11.121762
2025-10-02,11.185059
2025-10-03,11.236757
2025-10-06,11.140734
2025-10-07,11.492578
2025-10-08,11.5685
2025-10-09,11.95591
2025-10-10,12.063208
2025-10-13,11.772835
2025-10-14,12.015228
2025-10-15,12.0354
2025-10-16,12.248399
2025-10-17,12.40416
2025-10-20,13.036079
2025-10-21,12.765545
2025-10-22,13.050907
2025-10-23,12.645341
2025-10-24,12.509148
2025-10-27,12.313327
2025-10-28,12.22591
2025-10-30,12.216581
2025-10-31,11.866074
2025-11-03,11.719946
2025-11-04,11.604784
2025-11-05,11.648298
2025-11-06,11.615239
2025-11-07,11.720053
2025-11-10,11.640607
2025-11-11,12.04498
2025-11-12,12.187505
2025-11-13,12.209266
2025-11-14,12.479516
2025-11-17,12.33581
2025-11-18,12.159098
2025-11-19,11.950092
2025-11-20,12.1843
2025-11-21,12.116044
2025-11-24,12.051546
2025-11-25,11.905415
2025-11-26,12.188104
2025-11-27,12.210108
2025-11-28,12.142869
2025-12-01,12.165138
2025-12-02,12.373541
2025-12-03,12.216871
2025-12-04,12.234515
2025-12-05,12.218473
2025-12-08,12.223259
2025-12-09,12.180719
2025-12-10,12.167033
2025-12-11,12.166742
2025-12-12,12.22749
2025-12-15,12.482408
2025-12-16,12.557513
2025-12-17,12.429412
2025-12-18,12.520464
2025-12-19,12.56861
2025-12-22,12.591311
2025-12-23,12.811377
2025-12-24,12.984586
2025-12-25,13.11448
2025-12-26,13.119491
2025-12-29,13.159937
2025-12-30,13.064655
2025-12-31,12.899455
2026-01-02,12.918052
2026-01-05,13.229586
2026-01-06,13.384165
2026-01-07,13.362433
2026-01-08,13.357789
2026-01-09,13.293799
2026-01-12,13.271574
2026-01-13,13.543098
2026-01-14,13.492071
2026-01-15,13.617133
2026-01-16,13.612126
2026-01-19,13.601814
2026-01-20,13.637435
2026-01-21,13.933413
2026-01-22,14.405211
2026-01-23,14.32347
2026-01-26,14.572954
2026-01-27,15.091417
2026-01-28,15.300851
2026-01-29,15.859468
2026-01-30,16.514697
2026-02-02,15.478385
2026-02-03,14.49985
2026-02-04,15.228203
2026-02-05,15.658584
2026-02-06,15.172866
